﻿Datawarehouse Epics,Tasks,Text,Task Description,Checkbox
Project Data Architecture  (Project%20Data%20Architecture%2022b7b3a9f40e80bd9f2eea9d9a644291.md),Draw the data architeture Draw.io),,,Yes
Project Data Architecture  (Project%20Data%20Architecture%2022b7b3a9f40e80bd9f2eea9d9a644291.md),Design the layers,,,Yes
Project Data Architecture  (Project%20Data%20Architecture%2022b7b3a9f40e80bd9f2eea9d9a644291.md),"Brainstorm and design the layers ",,,Yes
Project Data Architecture  (Project%20Data%20Architecture%2022b7b3a9f40e80bd9f2eea9d9a644291.md),choose data management approach,,,Yes
Project Initialization (Project%20Initialization%2022b7b3a9f40e8024a6a5dae926d8a3e6.md),Define project naming conventions,,,Yes
Project Initialization (Project%20Initialization%2022b7b3a9f40e8024a6a5dae926d8a3e6.md),Create detailed Project tasks,,,Yes
Project Initialization (Project%20Initialization%2022b7b3a9f40e8024a6a5dae926d8a3e6.md),Create DB and Schemas,,,Yes
Project Initialization (Project%20Initialization%2022b7b3a9f40e8024a6a5dae926d8a3e6.md),Create Git repo and Prepare the structure,,,Yes
Requirement Analysis (Requirement%20Analysis%2022b7b3a9f40e80c3b4bdc7198722b64c.md),Analyse and understand the requirements,BI: Analytics and reporting,"Objective
Develop SQL-based analytics to deliver detailed insights into:
• Customer Behavior
• Product Performance
• Sales Trends",Yes
Requirement Analysis (Requirement%20Analysis%2022b7b3a9f40e80c3b4bdc7198722b64c.md),Analyse and understand the requirements,"Building the Data Warehouse ","Specifications
• Data Sources: Import data from two source systems (ERP and CRM) provided as CSV files.
• Data Quality: Cleanse and resolve data quality issues prior to analysis.
• Integration: Combine both sources into a single, user-friendly data model designed for analytical queries.
• Scope: Focus on the latest dataset only; historization of data is not required.
• Documentation: Provide clear documentation of the data model to support both business stakeholders and analytics teams.",Yes
Requirement Analysis (Requirement%20Analysis%2022b7b3a9f40e80c3b4bdc7198722b64c.md),"Analyse and understand the requirements ",Building the Data Warehouse,Objective: Develop a moder data warehouse using MySql to consolidate sales data enabling analytical reporting and informed decesion making.,Yes